{
  "clean": 0.5279296145728003,
  "dropout_10pct__zero_fill": 0.8267691177025124,
  "dropout_10pct__mean_fill": 0.7635232000431703,
  "dropout_10pct__forward_fill": 0.5272153760717639,
  "dropout_25pct__zero_fill": 1.1823513390481897,
  "dropout_25pct__mean_fill": 1.069876279858899,
  "dropout_25pct__forward_fill": 0.526586761985121,
  "dropout_50pct__zero_fill": 1.5884900405208595,
  "dropout_50pct__mean_fill": 1.3590326273407738,
  "dropout_50pct__forward_fill": 0.522549142953216,
  "ablation_1ch__zero_fill": 0.5211712809176419,
  "ablation_1ch__mean_fill": 0.5203417171764817,
  "ablation_1ch__forward_fill": 0.5211712809176419,
  "ablation_3ch__zero_fill": 0.6080879329323102,
  "ablation_3ch__mean_fill": 0.5108262407666655,
  "ablation_3ch__forward_fill": 0.6080879329323102,
  "ablation_6ch__zero_fill": 0.5822692202156944,
  "ablation_6ch__mean_fill": 0.5588504165932574,
  "ablation_6ch__forward_fill": 0.5822692202156944,
  "category_magnetics_flux__zero_fill": 0.5485593321796247,
  "category_magnetics_pickup__zero_fill": 0.5356624007430205,
  "category_magnetics_saddle__zero_fill": 0.49737153789092303,
  "category_mirnov__zero_fill": 0.5043829921425595,
  "category_kinetics__zero_fill": 0.5374287532402656,
  "category_radiatives__zero_fill": 0.527026462345085,
  "category_active_coils__zero_fill": 0.7755010076215817,
  "category_plasma_current__zero_fill": 0.6740569907060671,
  "gap_20pct_front__zero_fill": 0.5834162029511,
  "gap_20pct_front__mean_fill": 0.5357125123056934,
  "gap_20pct_front__forward_fill": 0.5834162029511,
  "gap_20pct_random__zero_fill": 0.8597441734446664,
  "gap_20pct_random__mean_fill": 0.8478400458807785,
  "gap_20pct_random__forward_fill": 0.5396915076738688,
  "gap_20pct_pre_event__zero_fill": 1.093779724073761,
  "gap_20pct_pre_event__mean_fill": 1.1075269503363572,
  "gap_20pct_pre_event__forward_fill": 0.5826670922941214,
  "gap_40pct_front__zero_fill": 0.6841193467267876,
  "gap_40pct_front__mean_fill": 0.5754073226643454,
  "gap_40pct_front__forward_fill": 0.6841193467267876,
  "gap_40pct_random__zero_fill": 0.5899012340927587,
  "gap_40pct_random__mean_fill": 0.5847994651368069,
  "gap_40pct_random__forward_fill": 0.521801496743731,
  "gap_40pct_pre_event__zero_fill": 1.386612292404502,
  "gap_40pct_pre_event__mean_fill": 1.2514123031208524,
  "gap_40pct_pre_event__forward_fill": 0.8262477743947783,
  "gap_60pct_front__zero_fill": 0.6797682444032763,
  "gap_60pct_front__mean_fill": 0.5727627593107609,
  "gap_60pct_front__forward_fill": 0.6797682444032763,
  "gap_60pct_random__zero_fill": 0.9715574854227705,
  "gap_60pct_random__mean_fill": 0.8659350336960411,
  "gap_60pct_random__forward_fill": 0.6090566191853658,
  "gap_60pct_pre_event__zero_fill": 1.4684016849240324,
  "gap_60pct_pre_event__mean_fill": 1.3138833450001246,
  "gap_60pct_pre_event__forward_fill": 1.2794824665669802,
  "correlated_kinetics__zero_fill": 0.5374287532402656,
  "correlated_kinetics__mean_fill": 0.551005325605869,
  "correlated_kinetics__forward_fill": 0.5374287532402656,
  "correlated_magnetics_active__zero_fill": 0.5055719404514547,
  "correlated_magnetics_active__mean_fill": 0.5085749273291064,
  "correlated_magnetics_active__forward_fill": 0.5055719404514547,
  "correlated_radiatives__zero_fill": 0.5247224287977549,
  "correlated_radiatives__mean_fill": 0.5292207538583606,
  "correlated_radiatives__forward_fill": 0.5247224287977549,
  "correlated_mirnov__zero_fill": 0.5043829921425595,
  "correlated_mirnov__mean_fill": 0.505740168857286,
  "correlated_mirnov__forward_fill": 0.5043829921425595,
  "proximate_10pct__zero_fill": 0.8851750363953897,
  "proximate_10pct__mean_fill": 0.9018431031840415,
  "proximate_10pct__forward_fill": 0.5371759987556609,
  "proximate_25pct__zero_fill": 1.2311773914055153,
  "proximate_25pct__mean_fill": 1.1936875355684522,
  "proximate_25pct__forward_fill": 0.6187358848945482,
  "proximate_50pct__zero_fill": 1.4130289115743786,
  "proximate_50pct__mean_fill": 1.2839520518455232,
  "proximate_50pct__forward_fill": 1.0444874282456493,
  "robustness_score": 0.7638671546015178
}