{
  "clean": 0.4960356056690216,
  "dropout_10pct__zero_fill": 0.5090367197990417,
  "dropout_10pct__mean_fill": 0.49737533926963806,
  "dropout_10pct__forward_fill": 0.49596142768859863,
  "dropout_25pct__zero_fill": 0.5739144086837769,
  "dropout_25pct__mean_fill": 0.5763158202171326,
  "dropout_25pct__forward_fill": 0.49499717354774475,
  "dropout_50pct__zero_fill": 0.7792244553565979,
  "dropout_50pct__mean_fill": 0.8819580078125,
  "dropout_50pct__forward_fill": 0.4954604506492615,
  "ablation_1ch__zero_fill": 0.5033190846443176,
  "ablation_1ch__mean_fill": 0.5030537843704224,
  "ablation_1ch__forward_fill": 0.5033190846443176,
  "ablation_3ch__zero_fill": 0.5258657932281494,
  "ablation_3ch__mean_fill": 0.5512151122093201,
  "ablation_3ch__forward_fill": 0.5258657932281494,
  "ablation_6ch__zero_fill": 0.5732393264770508,
  "ablation_6ch__mean_fill": 0.5305733680725098,
  "ablation_6ch__forward_fill": 0.5732393264770508,
  "category_magnetics_flux__zero_fill": 0.501022458076477,
  "category_magnetics_pickup__zero_fill": 0.6277779340744019,
  "category_magnetics_saddle__zero_fill": 0.49381715059280396,
  "category_mirnov__zero_fill": 0.4943254888057709,
  "category_kinetics__zero_fill": 0.4793885350227356,
  "category_radiatives__zero_fill": 0.46807393431663513,
  "category_active_coils__zero_fill": 0.5592368841171265,
  "category_plasma_current__zero_fill": 1.1893048286437988,
  "gap_20pct_front__zero_fill": 0.4960356056690216,
  "gap_20pct_front__mean_fill": 0.49603554606437683,
  "gap_20pct_front__forward_fill": 0.4960356056690216,
  "gap_20pct_random__zero_fill": 0.500771164894104,
  "gap_20pct_random__mean_fill": 0.49808213114738464,
  "gap_20pct_random__forward_fill": 0.4958706200122833,
  "gap_20pct_pre_event__zero_fill": 1.5476665496826172,
  "gap_20pct_pre_event__mean_fill": 1.884075403213501,
  "gap_20pct_pre_event__forward_fill": 0.5724149942398071,
  "gap_40pct_front__zero_fill": 0.4960356056690216,
  "gap_40pct_front__mean_fill": 0.4960356056690216,
  "gap_40pct_front__forward_fill": 0.4960356056690216,
  "gap_40pct_random__zero_fill": 0.4960373342037201,
  "gap_40pct_random__mean_fill": 0.49603575468063354,
  "gap_40pct_random__forward_fill": 0.4960358440876007,
  "gap_40pct_pre_event__zero_fill": 1.5476665496826172,
  "gap_40pct_pre_event__mean_fill": 1.884075403213501,
  "gap_40pct_pre_event__forward_fill": 1.082206130027771,
  "gap_60pct_front__zero_fill": 0.4960414469242096,
  "gap_60pct_front__mean_fill": 0.49603602290153503,
  "gap_60pct_front__forward_fill": 0.4960414469242096,
  "gap_60pct_random__zero_fill": 0.5022496581077576,
  "gap_60pct_random__mean_fill": 0.49823296070098877,
  "gap_60pct_random__forward_fill": 0.496453195810318,
  "gap_60pct_pre_event__zero_fill": 1.5476665496826172,
  "gap_60pct_pre_event__mean_fill": 1.884075403213501,
  "gap_60pct_pre_event__forward_fill": 2.19193696975708,
  "correlated_kinetics__zero_fill": 0.4793885350227356,
  "correlated_kinetics__mean_fill": 0.4838174879550934,
  "correlated_kinetics__forward_fill": 0.4793885350227356,
  "correlated_magnetics_active__zero_fill": 0.6260265111923218,
  "correlated_magnetics_active__mean_fill": 0.6605063676834106,
  "correlated_magnetics_active__forward_fill": 0.6260265111923218,
  "correlated_radiatives__zero_fill": 0.4716395139694214,
  "correlated_radiatives__mean_fill": 0.465482234954834,
  "correlated_radiatives__forward_fill": 0.4716395139694214,
  "correlated_mirnov__zero_fill": 0.4943254888057709,
  "correlated_mirnov__mean_fill": 0.49202197790145874,
  "correlated_mirnov__forward_fill": 0.4943254888057709,
  "proximate_10pct__zero_fill": 1.5476620197296143,
  "proximate_10pct__mean_fill": 1.8840783834457397,
  "proximate_10pct__forward_fill": 0.5044856667518616,
  "proximate_25pct__zero_fill": 1.5476665496826172,
  "proximate_25pct__mean_fill": 1.884075403213501,
  "proximate_25pct__forward_fill": 0.6377063393592834,
  "proximate_50pct__zero_fill": 1.5476665496826172,
  "proximate_50pct__mean_fill": 1.884075403213501,
  "proximate_50pct__forward_fill": 1.576063632965088,
  "robustness_score": 0.8079863864215024
}