{
  "clean": 0.469888299703598,
  "dropout_10pct__zero_fill": 0.5086895227432251,
  "dropout_10pct__mean_fill": 0.48136091232299805,
  "dropout_10pct__forward_fill": 0.46967560052871704,
  "dropout_25pct__zero_fill": 0.6176859140396118,
  "dropout_25pct__mean_fill": 0.5566862225532532,
  "dropout_25pct__forward_fill": 0.4692259728908539,
  "dropout_50pct__zero_fill": 0.8697664141654968,
  "dropout_50pct__mean_fill": 0.720076322555542,
  "dropout_50pct__forward_fill": 0.4679960012435913,
  "ablation_1ch__zero_fill": 0.47066637873649597,
  "ablation_1ch__mean_fill": 0.47062501311302185,
  "ablation_1ch__forward_fill": 0.47066637873649597,
  "ablation_3ch__zero_fill": 0.46370768547058105,
  "ablation_3ch__mean_fill": 0.4716686010360718,
  "ablation_3ch__forward_fill": 0.46370768547058105,
  "ablation_6ch__zero_fill": 0.6388168931007385,
  "ablation_6ch__mean_fill": 0.527666449546814,
  "ablation_6ch__forward_fill": 0.6388168931007385,
  "category_magnetics_flux__zero_fill": 0.4666212201118469,
  "category_magnetics_pickup__zero_fill": 0.4825253486633301,
  "category_magnetics_saddle__zero_fill": 0.46843618154525757,
  "category_mirnov__zero_fill": 0.4689577519893646,
  "category_kinetics__zero_fill": 0.470147043466568,
  "category_radiatives__zero_fill": 0.46766892075538635,
  "category_active_coils__zero_fill": 0.6391971707344055,
  "category_plasma_current__zero_fill": 0.8887928128242493,
  "gap_20pct_front__zero_fill": 0.4942493438720703,
  "gap_20pct_front__mean_fill": 0.48296022415161133,
  "gap_20pct_front__forward_fill": 0.4942493438720703,
  "gap_20pct_random__zero_fill": 0.6944468021392822,
  "gap_20pct_random__mean_fill": 0.6495794057846069,
  "gap_20pct_random__forward_fill": 0.4605379104614258,
  "gap_20pct_pre_event__zero_fill": 1.142981767654419,
  "gap_20pct_pre_event__mean_fill": 1.1589468717575073,
  "gap_20pct_pre_event__forward_fill": 0.5224916934967041,
  "gap_40pct_front__zero_fill": 0.657421350479126,
  "gap_40pct_front__mean_fill": 0.5278847813606262,
  "gap_40pct_front__forward_fill": 0.657421350479126,
  "gap_40pct_random__zero_fill": 0.5933578610420227,
  "gap_40pct_random__mean_fill": 0.4989796578884125,
  "gap_40pct_random__forward_fill": 0.4749784469604492,
  "gap_40pct_pre_event__zero_fill": 1.3549296855926514,
  "gap_40pct_pre_event__mean_fill": 1.4712965488433838,
  "gap_40pct_pre_event__forward_fill": 0.9223382472991943,
  "gap_60pct_front__zero_fill": 0.7167788743972778,
  "gap_60pct_front__mean_fill": 0.5110936760902405,
  "gap_60pct_front__forward_fill": 0.7167788743972778,
  "gap_60pct_random__zero_fill": 0.8374938368797302,
  "gap_60pct_random__mean_fill": 0.6573025584220886,
  "gap_60pct_random__forward_fill": 0.5255263447761536,
  "gap_60pct_pre_event__zero_fill": 1.431107521057129,
  "gap_60pct_pre_event__mean_fill": 1.485036015510559,
  "gap_60pct_pre_event__forward_fill": 1.7384411096572876,
  "correlated_kinetics__zero_fill": 0.470147043466568,
  "correlated_kinetics__mean_fill": 0.4695654511451721,
  "correlated_kinetics__forward_fill": 0.470147043466568,
  "correlated_magnetics_active__zero_fill": 0.4811113178730011,
  "correlated_magnetics_active__mean_fill": 0.47724366188049316,
  "correlated_magnetics_active__forward_fill": 0.4811113178730011,
  "correlated_radiatives__zero_fill": 0.4684198796749115,
  "correlated_radiatives__mean_fill": 0.4704657196998596,
  "correlated_radiatives__forward_fill": 0.4684198796749115,
  "correlated_mirnov__zero_fill": 0.4689577519893646,
  "correlated_mirnov__mean_fill": 0.46845850348472595,
  "correlated_mirnov__forward_fill": 0.4689577519893646,
  "proximate_10pct__zero_fill": 0.7957419753074646,
  "proximate_10pct__mean_fill": 0.7608352899551392,
  "proximate_10pct__forward_fill": 0.47524821758270264,
  "proximate_25pct__zero_fill": 1.2397488355636597,
  "proximate_25pct__mean_fill": 1.2661179304122925,
  "proximate_25pct__forward_fill": 0.5899319648742676,
  "proximate_50pct__zero_fill": 1.3861335515975952,
  "proximate_50pct__mean_fill": 1.4772286415100098,
  "proximate_50pct__forward_fill": 1.2769081592559814,
  "robustness_score": 0.7650817548193779
}