{
  "clean": 0.4940847158432007,
  "dropout_10pct__zero_fill": 0.627518355846405,
  "dropout_10pct__mean_fill": 0.5276812314987183,
  "dropout_10pct__forward_fill": 0.5276812314987183,
  "dropout_25pct__zero_fill": 0.8511243462562561,
  "dropout_25pct__mean_fill": 0.573209285736084,
  "dropout_25pct__forward_fill": 0.573209285736084,
  "dropout_50pct__zero_fill": 1.2112102508544922,
  "dropout_50pct__mean_fill": 0.6850037574768066,
  "dropout_50pct__forward_fill": 0.6850037574768066,
  "ablation_1ch__zero_fill": 1.1218513250350952,
  "ablation_1ch__mean_fill": 0.6300233006477356,
  "ablation_1ch__forward_fill": 0.6300233006477356,
  "ablation_3ch__zero_fill": 0.519217312335968,
  "ablation_3ch__mean_fill": 0.495770663022995,
  "ablation_3ch__forward_fill": 0.495770663022995,
  "ablation_6ch__zero_fill": 0.5292226672172546,
  "ablation_6ch__mean_fill": 0.5056255459785461,
  "ablation_6ch__forward_fill": 0.5056255459785461,
  "category_magnetics_flux__zero_fill": 0.4956517815589905,
  "category_magnetics_pickup__zero_fill": 0.47860848903656006,
  "category_magnetics_saddle__zero_fill": 0.477291077375412,
  "category_mirnov__zero_fill": 0.4924219846725464,
  "category_kinetics__zero_fill": 0.5848550796508789,
  "category_radiatives__zero_fill": 0.5184688568115234,
  "category_active_coils__zero_fill": 0.6349018812179565,
  "category_plasma_current__zero_fill": 0.8531219363212585,
  "gap_20pct_front__zero_fill": 0.4933328628540039,
  "gap_20pct_front__mean_fill": 0.49366480112075806,
  "gap_20pct_front__forward_fill": 0.49366480112075806,
  "gap_20pct_random__zero_fill": 0.5676337480545044,
  "gap_20pct_random__mean_fill": 0.5229240655899048,
  "gap_20pct_random__forward_fill": 0.5229240655899048,
  "gap_20pct_pre_event__zero_fill": 0.5684991478919983,
  "gap_20pct_pre_event__mean_fill": 0.5226474404335022,
  "gap_20pct_pre_event__forward_fill": 0.5226474404335022,
  "gap_40pct_front__zero_fill": 0.4914015531539917,
  "gap_40pct_front__mean_fill": 0.4920037090778351,
  "gap_40pct_front__forward_fill": 0.4920037090778351,
  "gap_40pct_random__zero_fill": 0.6440942287445068,
  "gap_40pct_random__mean_fill": 0.5451305508613586,
  "gap_40pct_random__forward_fill": 0.5451305508613586,
  "gap_40pct_pre_event__zero_fill": 0.6425338387489319,
  "gap_40pct_pre_event__mean_fill": 0.5575021505355835,
  "gap_40pct_pre_event__forward_fill": 0.5575021505355835,
  "gap_60pct_front__zero_fill": 0.4877057373523712,
  "gap_60pct_front__mean_fill": 0.48850759863853455,
  "gap_60pct_front__forward_fill": 0.48850759863853455,
  "gap_60pct_random__zero_fill": 0.7196852564811707,
  "gap_60pct_random__mean_fill": 0.5724881291389465,
  "gap_60pct_random__forward_fill": 0.5724881291389465,
  "gap_60pct_pre_event__zero_fill": 0.7246147990226746,
  "gap_60pct_pre_event__mean_fill": 0.5819817781448364,
  "gap_60pct_pre_event__forward_fill": 0.5819817781448364,
  "correlated_kinetics__zero_fill": 0.5848550796508789,
  "correlated_kinetics__mean_fill": 0.491295725107193,
  "correlated_kinetics__forward_fill": 0.491295725107193,
  "correlated_magnetics_active__zero_fill": 0.46125173568725586,
  "correlated_magnetics_active__mean_fill": 0.4630199074745178,
  "correlated_magnetics_active__forward_fill": 0.4630199074745178,
  "correlated_radiatives__zero_fill": 0.5939828157424927,
  "correlated_radiatives__mean_fill": 0.4873092472553253,
  "correlated_radiatives__forward_fill": 0.4873092472553253,
  "correlated_mirnov__zero_fill": 0.4924219846725464,
  "correlated_mirnov__mean_fill": 0.48846912384033203,
  "correlated_mirnov__forward_fill": 0.48846912384033203,
  "proximate_10pct__zero_fill": 0.5347923040390015,
  "proximate_10pct__mean_fill": 0.51543128490448,
  "proximate_10pct__forward_fill": 0.51543128490448,
  "proximate_25pct__zero_fill": 0.5826265215873718,
  "proximate_25pct__mean_fill": 0.5263993144035339,
  "proximate_25pct__forward_fill": 0.5263993144035339,
  "proximate_50pct__zero_fill": 0.6778337359428406,
  "proximate_50pct__mean_fill": 0.5619348287582397,
  "proximate_50pct__forward_fill": 0.5619348287582397,
  "robustness_score": 0.8413441655755186
}